{
  "IcoMoonType": "selection",
  "icons": [
    {
      "icon": {
        "paths": [
          "M426.667 682.667l170.667-170.667-170.667-170.667"
        ],
        "attrs": [
          {
            "fill": "none",
            "stroke": "rgb(2, 172, 33)",
            "strokeLinejoin": "round",
            "strokeLinecap": "round",
            "strokeMiterlimit": "4",
            "strokeWidth": 85.33333333333333
          }
        ],
        "isMulticolor": false,
        "isMulticolor2": false,
        "grid": 0,
        "tags": [
          "green"
        ],
        "colorPermutations": {
          "2172331961051191": [
            {
              "s": 0
            }
          ]
        }
      },
      "attrs": [
        {
          "fill": "none",
          "stroke": "rgb(2, 172, 33)",
          "strokeLinejoin": "round",
          "strokeLinecap": "round",
          "strokeMiterlimit": "4",
          "strokeWidth": 85.33333333333333
        }
      ],
      "properties": {
        "order": 10,
        "id": 1,
        "name": "green",
        "prevSize": 32
      },
      "setIdx": 1,
      "setId": 6,
      "iconIdx": 1
    },
    {
      "icon": {
        "paths": [
          "M341.333 426.667l170.667 170.667 170.667-170.667"
        ],
        "attrs": [
          {
            "fill": "none",
            "stroke": "rgb(96, 105, 119)",
            "strokeLinejoin": "round",
            "strokeLinecap": "round",
            "strokeMiterlimit": "4",
            "strokeWidth": 85.33333333333333
          }
        ],
        "isMulticolor": false,
        "isMulticolor2": false,
        "grid": 0,
        "tags": [
          "chevron-down"
        ]
      },
      "attrs": [
        {
          "fill": "none",
          "stroke": "rgb(96, 105, 119)",
          "strokeLinejoin": "round",
          "strokeLinecap": "round",
          "strokeMiterlimit": "4",
          "strokeWidth": 85.33333333333333
        }
      ],
      "properties": {
        "order": 8,
        "id": 0,
        "name": "chevron-down",
        "prevSize": 32
      },
      "setIdx": 1,
      "setId": 6,
      "iconIdx": 2
    },
    {
      "icon": {
        "paths": [
          "M307.2 443.733l204.8-159.289 204.8 159.289v250.311c0 25.135-20.376 45.511-45.511 45.511h-318.578c-25.135 0-45.511-20.376-45.511-45.511v-250.311z",
          "M443.733 739.556v-227.556h136.533v227.556"
        ],
        "attrs": [
          {
            "fill": "none",
            "stroke": "rgb(172, 177, 184)",
            "strokeLinejoin": "round",
            "strokeLinecap": "round",
            "strokeMiterlimit": "4",
            "strokeWidth": 68.26666666666667
          },
          {
            "fill": "none",
            "stroke": "rgb(172, 177, 184)",
            "strokeLinejoin": "round",
            "strokeLinecap": "round",
            "strokeMiterlimit": "4",
            "strokeWidth": 68.26666666666667
          }
        ],
        "isMulticolor": false,
        "isMulticolor2": false,
        "grid": 0,
        "tags": [
          "icons-nav-home-none"
        ]
      },
      "attrs": [
        {
          "fill": "none",
          "stroke": "rgb(172, 177, 184)",
          "strokeLinejoin": "round",
          "strokeLinecap": "round",
          "strokeMiterlimit": "4",
          "strokeWidth": 68.26666666666667
        },
        {
          "fill": "none",
          "stroke": "rgb(172, 177, 184)",
          "strokeLinejoin": "round",
          "strokeLinecap": "round",
          "strokeMiterlimit": "4",
          "strokeWidth": 68.26666666666667
        }
      ],
      "properties": {
        "order": 5,
        "id": 4,
        "name": "icons-nav-home-none",
        "prevSize": 32
      },
      "setIdx": 2,
      "setId": 5,
      "iconIdx": 0
    },
    {
      "icon": {
        "paths": [
          "M512 261.689v500.622",
          "M625.778 352.711h-170.667c-43.986 0-79.644 35.658-79.644 79.644s35.658 79.644 79.644 79.644h113.778c43.986 0 79.644 35.658 79.644 79.644s-35.658 79.644-79.644 79.644h-193.422"
        ],
        "attrs": [
          {
            "fill": "none",
            "stroke": "rgb(172, 177, 184)",
            "strokeLinejoin": "round",
            "strokeLinecap": "round",
            "strokeMiterlimit": "4",
            "strokeWidth": 68.26666666666667
          },
          {
            "fill": "none",
            "stroke": "rgb(172, 177, 184)",
            "strokeLinejoin": "round",
            "strokeLinecap": "round",
            "strokeMiterlimit": "4",
            "strokeWidth": 68.26666666666667
          }
        ],
        "isMulticolor": false,
        "isMulticolor2": false,
        "grid": 0,
        "tags": [
          "icons-nav-payment-none"
        ]
      },
      "attrs": [
        {
          "fill": "none",
          "stroke": "rgb(172, 177, 184)",
          "strokeLinejoin": "round",
          "strokeLinecap": "round",
          "strokeMiterlimit": "4",
          "strokeWidth": 68.26666666666667
        },
        {
          "fill": "none",
          "stroke": "rgb(172, 177, 184)",
          "strokeLinejoin": "round",
          "strokeLinecap": "round",
          "strokeMiterlimit": "4",
          "strokeWidth": 68.26666666666667
        }
      ],
      "properties": {
        "order": 6,
        "id": 3,
        "name": "icons-nav-payment-none",
        "prevSize": 32
      },
      "setIdx": 2,
      "setId": 5,
      "iconIdx": 1
    },
    {
      "icon": {
        "paths": [
          "M557.511 284.444h-182.044c-25.135 0-45.511 20.376-45.511 45.511v364.089c0 25.135 20.376 45.511 45.511 45.511h273.067c25.135 0 45.511-20.376 45.511-45.511v-273.067l-136.533-136.533z",
          "M557.511 284.444v136.533h136.533",
          "M603.022 534.756h-182.044",
          "M603.022 625.778h-182.044",
          "M466.489 443.733h-45.511"
        ],
        "attrs": [
          {
            "fill": "none",
            "stroke": "rgb(172, 177, 184)",
            "strokeLinejoin": "round",
            "strokeLinecap": "round",
            "strokeMiterlimit": "4",
            "strokeWidth": 68.26666666666667
          },
          {
            "fill": "none",
            "stroke": "rgb(172, 177, 184)",
            "strokeLinejoin": "round",
            "strokeLinecap": "round",
            "strokeMiterlimit": "4",
            "strokeWidth": 68.26666666666667
          },
          {
            "fill": "none",
            "stroke": "rgb(172, 177, 184)",
            "strokeLinejoin": "round",
            "strokeLinecap": "round",
            "strokeMiterlimit": "4",
            "strokeWidth": 68.26666666666667
          },
          {
            "fill": "none",
            "stroke": "rgb(172, 177, 184)",
            "strokeLinejoin": "round",
            "strokeLinecap": "round",
            "strokeMiterlimit": "4",
            "strokeWidth": 68.26666666666667
          },
          {
            "fill": "none",
            "stroke": "rgb(172, 177, 184)",
            "strokeLinejoin": "round",
            "strokeLinecap": "round",
            "strokeMiterlimit": "4",
            "strokeWidth": 68.26666666666667
          }
        ],
        "isMulticolor": false,
        "isMulticolor2": false,
        "grid": 0,
        "tags": [
          "icons-nav-reports-none"
        ]
      },
      "attrs": [
        {
          "fill": "none",
          "stroke": "rgb(172, 177, 184)",
          "strokeLinejoin": "round",
          "strokeLinecap": "round",
          "strokeMiterlimit": "4",
          "strokeWidth": 68.26666666666667
        },
        {
          "fill": "none",
          "stroke": "rgb(172, 177, 184)",
          "strokeLinejoin": "round",
          "strokeLinecap": "round",
          "strokeMiterlimit": "4",
          "strokeWidth": 68.26666666666667
        },
        {
          "fill": "none",
          "stroke": "rgb(172, 177, 184)",
          "strokeLinejoin": "round",
          "strokeLinecap": "round",
          "strokeMiterlimit": "4",
          "strokeWidth": 68.26666666666667
        },
        {
          "fill": "none",
          "stroke": "rgb(172, 177, 184)",
          "strokeLinejoin": "round",
          "strokeLinecap": "round",
          "strokeMiterlimit": "4",
          "strokeWidth": 68.26666666666667
        },
        {
          "fill": "none",
          "stroke": "rgb(172, 177, 184)",
          "strokeLinejoin": "round",
          "strokeLinecap": "round",
          "strokeMiterlimit": "4",
          "strokeWidth": 68.26666666666667
        }
      ],
      "properties": {
        "order": 4,
        "id": 2,
        "name": "icons-nav-reports-none",
        "prevSize": 32
      },
      "setIdx": 2,
      "setId": 5,
      "iconIdx": 2
    },
    {
      "icon": {
        "paths": [
          "M580.267 512c0 37.703-30.564 68.267-68.267 68.267s-68.267-30.564-68.267-68.267c0-37.703 30.564-68.267 68.267-68.267s68.267 30.564 68.267 68.267z",
          "M680.391 580.267c-6.197 14.042-3.224 30.443 7.509 41.415l1.365 1.365c8.546 8.536 13.348 20.12 13.348 32.199s-4.802 23.663-13.348 32.199c-8.536 8.546-20.12 13.348-32.199 13.348s-23.663-4.802-32.199-13.348l-1.365-1.365c-10.972-10.733-27.373-13.707-41.415-7.509-13.755 5.895-22.696 19.396-22.756 34.361v3.868c0 25.135-20.376 45.511-45.511 45.511s-45.511-20.376-45.511-45.511v-2.048c-0.361-15.413-10.106-29.039-24.576-34.361-14.042-6.197-30.443-3.224-41.415 7.509l-1.365 1.365c-8.536 8.546-20.12 13.348-32.199 13.348s-23.663-4.802-32.199-13.348c-8.546-8.536-13.348-20.12-13.348-32.199s4.802-23.663 13.348-32.199l1.365-1.365c10.733-10.972 13.707-27.373 7.509-41.415-5.895-13.755-19.396-22.696-34.361-22.756h-3.868c-25.135 0-45.511-20.376-45.511-45.511s20.376-45.511 45.511-45.511h2.048c15.413-0.361 29.039-10.106 34.361-24.576 6.197-14.042 3.224-30.443-7.509-41.415l-1.365-1.365c-8.546-8.536-13.348-20.12-13.348-32.199s4.802-23.663 13.348-32.199c8.536-8.546 20.12-13.348 32.199-13.348s23.663 4.802 32.199 13.348l1.365 1.365c10.972 10.733 27.373 13.707 41.415 7.509h1.82c13.755-5.895 22.696-19.396 22.756-34.361v-3.868c0-25.135 20.376-45.511 45.511-45.511s45.511 20.376 45.511 45.511v2.048c0.060 14.965 9 28.466 22.756 34.361 14.042 6.197 30.443 3.224 41.415-7.509l1.365-1.365c8.536-8.546 20.12-13.348 32.199-13.348s23.663 4.802 32.199 13.348c8.546 8.536 13.348 20.12 13.348 32.199s-4.802 23.663-13.348 32.199l-1.365 1.365c-10.733 10.972-13.707 27.373-7.509 41.415v1.82c5.895 13.755 19.396 22.696 34.361 22.756h3.868c25.135 0 45.511 20.376 45.511 45.511s-20.376 45.511-45.511 45.511h-2.048c-14.965 0.060-28.466 9-34.361 22.756z"
        ],
        "attrs": [
          {
            "fill": "none",
            "stroke": "rgb(172, 177, 184)",
            "strokeLinejoin": "round",
            "strokeLinecap": "round",
            "strokeMiterlimit": "4",
            "strokeWidth": 68.26666666666667
          },
          {
            "fill": "none",
            "stroke": "rgb(172, 177, 184)",
            "strokeLinejoin": "round",
            "strokeLinecap": "round",
            "strokeMiterlimit": "4",
            "strokeWidth": 68.26666666666667
          }
        ],
        "isMulticolor": false,
        "isMulticolor2": false,
        "grid": 0,
        "tags": [
          "icons-nav-settings-none"
        ]
      },
      "attrs": [
        {
          "fill": "none",
          "stroke": "rgb(172, 177, 184)",
          "strokeLinejoin": "round",
          "strokeLinecap": "round",
          "strokeMiterlimit": "4",
          "strokeWidth": 68.26666666666667
        },
        {
          "fill": "none",
          "stroke": "rgb(172, 177, 184)",
          "strokeLinejoin": "round",
          "strokeLinecap": "round",
          "strokeMiterlimit": "4",
          "strokeWidth": 68.26666666666667
        }
      ],
      "properties": {
        "order": 3,
        "id": 1,
        "name": "icons-nav-settings-none",
        "prevSize": 32
      },
      "setIdx": 2,
      "setId": 5,
      "iconIdx": 3
    },
    {
      "icon": {
        "paths": [
          "M625.778 716.8v-45.511c0-50.27-40.752-91.022-91.022-91.022h-182.044c-50.27 0-91.022 40.752-91.022 91.022v45.511",
          "M534.756 398.222c0 50.27-40.752 91.022-91.022 91.022s-91.022-40.752-91.022-91.022c0-50.27 40.752-91.022 91.022-91.022s91.022 40.752 91.022 91.022z",
          "M762.311 716.8v-45.511c-0.031-41.481-28.103-77.694-68.267-88.064",
          "M603.022 310.158c40.275 10.312 68.445 46.603 68.445 88.178s-28.17 77.866-68.445 88.178"
        ],
        "attrs": [
          {
            "fill": "none",
            "stroke": "rgb(172, 177, 184)",
            "strokeLinejoin": "round",
            "strokeLinecap": "round",
            "strokeMiterlimit": "4",
            "strokeWidth": 68.26666666666667
          },
          {
            "fill": "none",
            "stroke": "rgb(172, 177, 184)",
            "strokeLinejoin": "round",
            "strokeLinecap": "round",
            "strokeMiterlimit": "4",
            "strokeWidth": 68.26666666666667
          },
          {
            "fill": "none",
            "stroke": "rgb(172, 177, 184)",
            "strokeLinejoin": "round",
            "strokeLinecap": "round",
            "strokeMiterlimit": "4",
            "strokeWidth": 68.26666666666667
          },
          {
            "fill": "none",
            "stroke": "rgb(172, 177, 184)",
            "strokeLinejoin": "round",
            "strokeLinecap": "round",
            "strokeMiterlimit": "4",
            "strokeWidth": 68.26666666666667
          }
        ],
        "isMulticolor": false,
        "isMulticolor2": false,
        "grid": 0,
        "tags": [
          "icons-nav-users-roles-none"
        ]
      },
      "attrs": [
        {
          "fill": "none",
          "stroke": "rgb(172, 177, 184)",
          "strokeLinejoin": "round",
          "strokeLinecap": "round",
          "strokeMiterlimit": "4",
          "strokeWidth": 68.26666666666667
        },
        {
          "fill": "none",
          "stroke": "rgb(172, 177, 184)",
          "strokeLinejoin": "round",
          "strokeLinecap": "round",
          "strokeMiterlimit": "4",
          "strokeWidth": 68.26666666666667
        },
        {
          "fill": "none",
          "stroke": "rgb(172, 177, 184)",
          "strokeLinejoin": "round",
          "strokeLinecap": "round",
          "strokeMiterlimit": "4",
          "strokeWidth": 68.26666666666667
        },
        {
          "fill": "none",
          "stroke": "rgb(172, 177, 184)",
          "strokeLinejoin": "round",
          "strokeLinecap": "round",
          "strokeMiterlimit": "4",
          "strokeWidth": 68.26666666666667
        }
      ],
      "properties": {
        "order": 7,
        "id": 0,
        "name": "icons-nav-users-roles-none",
        "prevSize": 32
      },
      "setIdx": 2,
      "setId": 5,
      "iconIdx": 4
    }
  ],
  "height": 1024,
  "preferences": {
    "showGlyphs": true,
    "showQuickUse": true,
    "showQuickUse2": true,
    "showSVGs": true,
    "fontPref": {
      "prefix": "icon-",
      "metadata": {
        "fontFamily": "icomoon",
        "majorVersion": 1,
        "minorVersion": 0
      },
      "metrics": {
        "emSize": 1024,
        "baseline": 6.25,
        "whitespace": 50
      },
      "embed": false
    },
    "imagePref": {
      "prefix": "icon",
      "png": false,
      "useClassSelector": true,
      "color": 0,
      "bgColor": 16777215,
      "classSelector": ".icon",
      "name": "icomoon",
      "height": 32,
      "columns": 16,
      "margin": 16
    },
    "historySize": 50,
    "showCodes": true,
    "gridSize": 16
  }
}